Division,District,????
Barisal,Barguna District,??????
Barisal,Barisal District,??????
Barisal,Bhola District,????
Barisal,Jhalokati District,???????
Barisal,Patuakhali District,??????????
Barisal,Pirojpur District,????????
Chittagong,Bandarban District,?????????
Chittagong,Brahmanbaria District,????????????????
Chittagong,Chandpur District,???????
Chittagong,Chattogram District,?????????
Chittagong,Comilla District,????????
Chittagong,Cox's Bazar District,?????????
Chittagong,Feni District,????
Chittagong,Khagrachhari District,??????????
Chittagong,Lakshmipur District,??????????
Chittagong,Noakhali District,?????????
Chittagong,Rangamati District,??????????
Dhaka,Dhaka District,????
Dhaka,Faridpur District,???????
Dhaka,Gazipur District,???????
Dhaka,Gopalganj District,?????????
Dhaka,Kishoreganj District,?????????
Dhaka,Madaripur District,?????????
Dhaka,Manikganj District,?????????
Dhaka,Munshiganj District,??????????
Dhaka,Narayanganj District,???????????
Dhaka,Narsingdi District,???????
Dhaka,Rajbari District,????????
Dhaka,Shariatpur District,?????????
Dhaka,Tangail District,????????
Khulna,Bagerhat District,????????
Khulna,Chuadanga District,???????????
Khulna,Jessore District,????
Khulna,Jhenaidah District,???????
Khulna,Khulna District,?????
Khulna,Kushtia District,?????????
Khulna,Magura District,??????
Khulna,Meherpur District,????????
Khulna,Narail District,??????
Khulna,Satkhira District,?????????
Mymensingh,Jamalpur District,????????
Mymensingh,Mymensingh District,?????????
Mymensingh,Netrokona District,?????????
Mymensingh,Sherpur District,??????
Rajshahi,Bogura District,??????
Rajshahi,Joypurhat District,?????????
Rajshahi,Naogaon District,?????
Rajshahi,Natore District,?????
Rajshahi,Chapainawabganj District,??????????????
Rajshahi,Pabna District,?????
Rajshahi,Rajshahi District,???????
Rajshahi,Sirajganj District,?????????
Rangpur,Dinajpur District,????????
Rangpur,Gaibandha District,?????????
Rangpur,Kurigram District,??????????
Rangpur,Lalmonirhat District,??????????
Rangpur,Nilphamari District,?????????
Rangpur,Panchagarh District,???????
Rangpur,Rangpur District,?????
Rangpur,Thakurgaon District,?????????
Sylhet,Habiganj District,???????
Sylhet,Moulvibazar District,??????????
Sylhet,Sunamganj District,?????????
Sylhet,Sylhet District,?????
